name,dataset,lance_encoding_type,num_trials,num_rows,parquet_size,parquet_write_time,parquet_read_time,lance_size,lance_write_time,lance_read_time
benchmark_tpch_encodings,tpch_sf10_nation,plain_non_numeric,5,25,2.3739412426948547e-06,0.000739,0.0004734,3.0882656574249268e-06,0.0035268,0.0003506
benchmark_tpch_encodings,tpch_sf10_region,plain_non_numeric,5,5,1.4491379261016846e-06,0.0006346,0.00042659999999999996,9.285286068916321e-07,0.0031374,0.000285
benchmark_tpch_encodings,tpch_sf10_part,plain_non_numeric,5,2000000,0.04606312979012728,0.8231666000000001,0.11642820000000001,0.19389504101127386,1.0899952000000002,0.0982652
benchmark_tpch_encodings,tpch_sf10_supplier,plain_non_numeric,5,100000,0.006766488775610924,0.0609842,0.019240399999999998,0.017144598066806793,0.10096780000000001,0.0125176
benchmark_tpch_encodings,tpch_sf10_customer,plain_non_numeric,5,1500000,0.10252168495208025,0.8768754000000001,0.26176140000000003,0.2822236344218254,1.9068522,0.17792460000000002
benchmark_tpch_encodings,tpch_sf10_partsupp,plain_non_numeric,5,8000000,0.31722263898700476,3.0965219999999998,1.2757695999999998,1.0337540311738849,8.345434999999998,0.748467
benchmark_tpch_encodings,tpch_sf10_orders,plain_non_numeric,5,15000000,0.31158916279673576,4.9802808,0.999118,1.247914687730372,9.797829799999999,0.6734942
benchmark_tpch_encodings,tpch_sf10_lineitem,plain_non_numeric,5,59986052,0.77862757910043,19.2157284,2.7090034,4.088336798362434,32.259226999999996,1.7528084
