name,dataset,lance_encoding_type,num_trials,num_rows,parquet_size,parquet_write_time,parquet_read_time,lance_size,lance_write_time,lance_read_time
benchmark_tpch_encodings,tpch_sf10_nation,plain_non_numeric,5,25,2.3739412426948547e-06,0.0008042,0.00048140000000000005,2.6673078536987305e-06,0.0038636000000000005,0.0004084
benchmark_tpch_encodings,tpch_sf10_region,plain_non_numeric,5,5,1.4491379261016846e-06,0.0006712,0.00041200000000000004,8.074566721916199e-07,0.0026889999999999996,0.00039959999999999996
benchmark_tpch_encodings,tpch_sf10_part,plain_non_numeric,5,2000000,0.04606312979012728,0.8489286,0.12078040000000001,0.2690265355631709,0.9916508,0.0555728
benchmark_tpch_encodings,tpch_sf10_supplier,plain_non_numeric,5,100000,0.006766488775610924,0.061799599999999996,0.0186314,0.014192736707627773,0.05277339999999999,0.005581
benchmark_tpch_encodings,tpch_sf10_customer,plain_non_numeric,5,1500000,0.10252168495208025,0.9704542,0.2185676,0.2507409928366542,0.9083346000000001,0.0500112
benchmark_tpch_encodings,tpch_sf10_partsupp,plain_non_numeric,5,8000000,0.31722263898700476,3.1089282000000003,1.3014974000000001,0.9796960586681962,4.306383200000001,0.1576494
benchmark_tpch_encodings,tpch_sf10_orders,plain_non_numeric,5,15000000,0.31158916279673576,4.9993548,0.9785554,1.46536604501307,7.1218778,0.23764899999999994
benchmark_tpch_encodings,tpch_sf10_lineitem,plain_non_numeric,5,59986052,0.77862757910043,19.028616399999997,2.7176518,4.736812151968479,26.641661,0.791698
