name,dataset,lance_encoding_type,num_trials,num_rows,parquet_size,parquet_write_time,parquet_read_time,lance_size,lance_write_time,lance_read_time
benchmark_tpch_encodings,tpch_sf10_nation,plain_non_numeric,5,25,2.3739412426948547e-06,0.0010448,0.0005172,3.0882656574249268e-06,0.0038489999999999996,0.00047500000000000005
benchmark_tpch_encodings,tpch_sf10_region,plain_non_numeric,5,5,1.4491379261016846e-06,0.0007542,0.00042699999999999997,9.285286068916321e-07,0.0038263999999999998,0.0003926
benchmark_tpch_encodings,tpch_sf10_part,plain_non_numeric,5,2000000,0.04606312979012728,0.8386746,0.1251816,0.283927446231246,1.3469415999999999,0.0833788
benchmark_tpch_encodings,tpch_sf10_supplier,plain_non_numeric,5,100000,0.006766488775610924,0.0630396,0.0192144,0.016427998431026936,0.09834620000000001,0.0086776
benchmark_tpch_encodings,tpch_sf10_customer,plain_non_numeric,5,1500000,0.10252168495208025,0.8814712,0.2722004,0.2842693543061614,1.6723286000000002,0.0921694
benchmark_tpch_encodings,tpch_sf10_partsupp,plain_non_numeric,5,8000000,0.31722263898700476,3.1092272000000003,1.2400996,0.9797303341329098,4.934773399999999,0.14119320000000002
benchmark_tpch_encodings,tpch_sf10_orders,plain_non_numeric,5,15000000,0.31158916279673576,4.985561800000001,0.956846,1.46536604501307,7.7462588,0.24862220000000002
benchmark_tpch_encodings,tpch_sf10_lineitem,plain_non_numeric,5,59986052,0.77862757910043,19.147242,2.7626252,4.736812151968479,26.5079668,0.8470368
